{
  "expected": 77.87166504953872,
  "probPercents": [
    0.0,
    0.45,
    0.4482,
    0.4464054,
    0.4446162,
    0.4428323998056,
    0.4410539990303328,
    0.4392809970979758,
    0.437513393244842,
    0.4357511865220503,
    0.4339943757977752,
    0.4322429597594767,
    0.430496936916109,
    0.4287563056003104,
    0.42702106397057243,
    0.4252912100133897,
    0.4235667415453902,
    0.42184765621544623,
    0.4201339515067659,
    0.41842562473896605,
    0.4167226730701255,
    0.41502509349882044,
    0.41333288286614056,
    0.41164603785768683,
    0.4099645550055514,
    0.4082884306902787,
    0.40661766114280906,
    0.4049522424464042,
    0.4032921705385551,
    0.4016374412128721,
    0.3999880501209579,
    0.398343992774263,
    0.39670526454592414,
    0.39507186067258543,
    0.39344377625620314,
    0.3918210062658332,
    0.39020354553940245,
    0.38859138878546334,
    0.3869845305849321,
    0.38538296539281097,
    0.3837866875398942,
    0.3821956912344583,
    0.3806099705639362,
    0.3790295194965759,
    0.37745433188308364,
    0.3758844014582514,
    0.37431972184256934,
    0.372760286543823,
    0.3712060889586753,
    0.36965712237423376,
    0.36811337996960297,
    0.36657485481742236,
    0.36504153988538895,
    0.36351342803776654,
    0.3619905120368797,
    0.3604727845445942,
    0.35896023812378275,
    0.35745286523977743,
    0.3559506582618078,
    0.35445360946442506,
    0.35296171102891355,
    0.35147495504468745,
    0.349993333510675,
    0.3485168383366891,
    0.34704546134478464,
    0.34557919427060296,
    0.344118028764703,
    0.3426619563938801,
    0.3412109686424716,
    0.3397650569136497,
    0.33832421253070266,
    0.33688842673830205,
    0.33545769070375914,
    0.3340319955182681,
    3.232748737504707,
    5.742852089988069,
    7.415400773497079,
    8.005753107978542,
    7.545523188058619,
    6.314597861288404,
    4.725634213807885,
    3.175384318270723,
    1.9295013552579607,
    1.082975563938527,
    0.5941789812802798,
    0.35565391351327114,
    0.2584326378432314,
    0.22561413577354494,
    0.21603678018410413,
    0.21284018331615043,
    0.21088613659167693,
    0.20908867177466128,
    0.20731051868440414,
    0.2055461762390462,
    0.20379554272435993,
    0.20205851714950526,
    0.2003349992420108,
    0.1986248894427889,
    0.1969280889011849,
    0.19524449947006026,
    0.19357402370090865,
    0.19191656483900593,
    0.19027202681859282,
    0.18864031425809044,
    0.18702133245534866,
    0.18541498738292647,
    0.18382118568340494,
    0.1822398346647319,
    0.18067084229559832,
    0.17911411720084644,
    0.17756956865690893,
    0.17603710658727942,
    0.17451664155801383,
    0.1730080847732623,
    0.17151134807083168,
    0.17002634391777838,
    0.1685529854060312,
    0.16709118624804392,
    0.1656408607724779,
    0.1642019239199137,
    0.1627742912385925,
    0.16135787888018602,
    0.15995260359559582,
    0.15855838273078102,
    0.15717513422261456,
    0.1558027765947678,
    0.15444122895362317,
    0.1530904109842149,
    0.15175024294619716,
    0.1504206456698402,
    0.1491015405520535,
    0.14779284955243607,
    0.1464944951893542,
    0.14520640053604544,
    0.14392848921674956,
    0.14266068540286592,
    0.1414029138091371,
    0.1401550996898585,
    0.13891716883511415,
    0.13768904756703787,
    0.13647066273610045,
    0.13526194171742184,
    0.1340628124071089,
    0.1328732032186179,
    0.13169304307914212,
    0.13052226142602416,
    0.1293607882031928,
    0.12820855385762406,
    0.16444680920097493,
    0.2651395612581638,
    0.4362152697696506,
    0.6585522119729972,
    0.8929569397136232,
    1.0923693868776156,
    1.2165653812577135,
    1.2437201349518532,
    1.1748783743014566,
    1.0306701295767617,
    0.842744757329518,
    0.6439022727572872,
    0.46041436156869553,
    0.3082721842873368,
    0.19321814871082973,
    0.1132411299057944,
    0.06194130944485995,
    0.03153747874240618,
    0.014895767047505575,
    0.006499062936496125,
    0.0026058465118237854,
    0.0009541900285728544,
    0.0003166598815986222,
    0.00009435129920229494,
    0.00002494693606801682,
    0.000005766793891667668,
    0.0000011430057968305124,
    1.8920027214131528E-7,
    2.519709606497124E-8,
    2.5523907324377404E-9,
    1.7944622485556821E-10,
    7.420218137047883E-12,
    1.305835489956667E-13
  ],