{
  "expected": 155.74333009907744,
  "probPercents": [
    0.0,
    0.0,
    0.002025,
    0.0040338,
    0.006026481,
    0.0080031238056,
    0.009963809026542,
    0.011908617075279994,
    0.013837628165577662,
    0.01575092231113347,
    0.017648579324232902,
    0.019530678814427497,
    0.02139730018724046,
    0.023248522642898534,
    0.025084425175089856,
    0.026905086569747532,
    0.028710585403858627,
    0.030501000044298364,
    0.03227640864668917,
    0.034036889154284385,
    0.03578251929687633,
    0.03751337658972843,
    0.03922953833253127,
    0.04093108160838214,
    0.04261808328278797,
    0.044290620002691294,
    0.045948768195519074,
    0.04759260406825406,
    0.04922220360652851,
    0.050837642573739954,
    0.05243899651018884,
    0.054026340732237735,
    0.05559975033149191,
    0.05715930017400101,
    0.058705064899481706,
    0.060237118920560856,
    0.06175553642203924,
    0.06326039136017537,
    0.06475175746198937,
    0.06622970822458651,
    0.06769431691450038,
    0.06914565656705521,
    0.07058379998574743,
    0.07200881974164602,
    0.07342078817281153,
    0.07481977738373351,
    0.07620585924478626,
    0.07757910539170247,
    0.07893958722506486,
    0.08028737590981522,
    0.08162254237478099,
    0.08294515731221905,
    0.08425529117737646,
    0.08555301418806802,
    0.08683839632427046,
    0.08811150732773307,
    0.08937241670160449,
    0.09062119371007563,
    0.09185790737803827,
    0.09308262649075957,
    0.09429541959357182,
    0.09549635499157756,
    0.0966855007493699,
    0.09786292469076757,
    0.09902869439856495,
    0.10018287721429645,
    0.1013255402380154,
    0.10245675032808721,
    0.10357657410099641,
    0.10468507793116774,
    0.10578232795080081,
    0.10686839004971838,
    0.10794332987522802,
    0.10900721283199688,
    0.11006010408193964,
    0.13720330519187832,
    0.18683491018054685,
    0.25132684486827667,
    0.3208796831872833,
    0.3860176657867909,
    0.43982189980354813,
    0.4791151015922791,
    0.5043035126846744,
    0.5181826879906921,
    0.5243919699702485,
    0.5261815380206833,
    0.5258214826278307,
    0.5245921222119533,
    0.523076553332532,
    0.5214850889088081,
    0.5198754581497066,
    0.5182589156524173,
    0.5166368972321557,
    0.515009597435775,
    0.5133771604243407,
    0.5117397287695895,
    0.5100974434676014,
    0.5084504439523658,
    0.5067988681092489,
    0.5051428522883574,
    0.5034825313178042,
    0.501818038516872,
    0.5001495057090793,
    0.4984770632351482,
    0.4968008399658729,
    0.4951209633148927,
    0.4934375592513681,
    0.49175075231256055,
    0.4900606656163181,
    0.4883674208734657,
    0.48667113840010223,
    0.4849719371298043,
    0.4832699346257372,
    0.48156524709267434,
    0.47985798938892515,
    0.4781482750381724,
    0.47643621624121957,
    0.4747219238876487,
    0.47300550756738946,
    0.47128707558220007,
    0.46956673495706064,
    0.46784459145147944,
    0.466120749570713,
    0.46439531257689987,
    0.46266838250011,
    0.4609400601493089,
    0.4592104451232377,
    0.4574796358212105,
    0.45574772945382763,
    0.454014822053608,
    0.45228100848553854,
    0.45054638245754314,
    0.44881103653087057,
    0.44707506213040293,
    0.4453385495548837,
    0.44360158798706784,
    0.4418642655037926,
    0.44012666908597126,
    0.4383888846285087,
    0.4366509969501412,
    0.4349130898031989,
    0.43317524588329354,
    0.43143754683893015,
    0.42970007328104487,
    0.4279629047924679,
    0.4262261199373134,
    0.42448979627029576,
    0.4227540103459739,
    0.5051268074245059,
    0.7335117277842683,
    1.1229840210906348,
    1.6324091465725965,
    2.1749673271970655,
    2.6450751927499274,
    2.951258282342195,
    3.0423585533289135,
    2.918093289906738,
    2.6222854394819115,
    2.224118821880369,
    1.7962288898118528,
    1.3974526307817634,
    1.0642063052945763,
    0.8102765198112081,
    0.63215603332968,
    0.5164046902490903,
    0.4462975873594459,
    0.40635311682939373,
    0.38453249234191567,
    0.372641551266794,
    0.36571329734397784,
    0.36104678589415873,
    0.35732187896471374,
    0.35395948072758976,
    0.3507325526677491,
    0.34756204551752923,
    0.3444237007882906,
    0.34131097930129056,
    0.33822228600793336,
    0.33515719570202823,
    0.33211551255707256,
    0.32909707720936804,
    0.3261017353380754,
    0.3231293338243212,
    0.3201797204283585,
    0.3172527437708263,
    0.31434825332876154,
    0.3114660994319074,
    0.3086061332590255,
    0.3057682068342135,
    0.3029521730232282,
    0.30015788552981315,
    0.2973851988920324,
    0.29463396847860956,
    0.29190405048527235,
    0.2891953019311033,
    0.28650758065489595,
    0.2838407453115176,
    0.2811946553682776,
    0.2785691711013027,
    0.2759641535919179,
    0.2733794647230345,
    0.27081496717554443,
    0.2682705244247213,
    0.2657460007366285,
    0.2632412611645338,
    0.26075617154533126,
    0.25829059849597047,
    0.2558444094098925,
    0.2534174724534735,
    0.25100965656247565,
    0.24862083143850555,
    0.24625086754548034,
    0.24389963610610133,
    0.24156700909833548,
    0.23925285925190484,
    0.23695706004478365,
    0.2346794856997038,
    0.23242001118066807,
    0.23017851218947188,
    0.22795486516223293,
    0.2257489472659295,
    0.223560636394947,
    0.22355803044764577,
    0.23135669669813258,
    0.25552700900802805,
    0.3051765227024223,
    0.386354739040385,
    0.49867525522488265,
    0.6336094116828044,
    0.7753151829858482,
    0.9038840887737328,
    0.9999636461371065,
    1.0492437630153133,
    1.0454419764774887,
    0.9910539424294752,
    0.8959358719657152,
    0.7744280725172918,
    0.6420171701956744,
    0.5124504226973715,
    0.3958778275516582,
    0.2981806364919803,
    0.2212997101412403,
    0.16418675439776156,
    0.12397337216805487,
    0.09704102814780245,
    0.07981340479217591,
    0.06922395095415458,
    0.06290241961882916,
    0.05916674723067057,
    0.05691002612381668,
    0.055452973366799184,
    0.054405619999715306,
    0.05355820244172541,
    0.05280495041206944,
    0.05209587995040201,
    0.05140886557256841,
    0.05073473391843649,
    0.05006991286575627,
    0.04941307950123253,
    0.048763747532941194,
    0.04812171813559938,
    0.047486883559849966,
    0.046859162771424726,
    0.04623848221719002,
    0.04562477061417066,
    0.04501795767708964,
    0.04441797383820537,
    0.043824750189297206,
    0.04323821846732991,
    0.042658311047570514,
    0.04208496093781607,
    0.04151810177279465,
    0.0409576678086252,
    0.04040359391732508,
    0.03985581558136406,
    0.03931426888826437,
    0.038778890525246475,
    0.03824961777392011,
    0.03772638850502027,
    0.03720914117318781,
    0.03669781481179423,
    0.03619234902781026,
    0.03569268399671804,
    0.03519876045746632,
    0.03471051970746855,
    0.03422790359764332,
    0.0337508545274969,
    0.03327931544024755,
    0.032813229817991216,
    0.032352541676908264,
    0.03189719556251095,
    0.0314471365449313,
    0.03100231021424901,
    0.030562662675859092,
    0.03012814054587894,
    0.029698690946594466,
    0.029288235132693564,
    0.02895887593486208,
    0.02886686216917351,
    0.029297466194831184,
    0.030660560741659258,
    0.03342753052190462,
    0.038011647726874945,
    0.04461976713625788,
    0.053121578140787155,
    0.06298452996501624,
    0.07330573270923814,
    0.08294252502298124,
    0.09071220260334238,
    0.09561011088110215,
    0.09699095457017085,
    0.09467100894528543,
    0.0889331028494386,
    0.08044285291371035,
    0.0701052757040938,
    0.058900522104045824,
    0.047735366896591316,
    0.037336226318114014,
    0.028194748016919395,
    0.020563227742060836,
    0.014487549943300657,
    0.009861248072931424,
    0.006485034380192354,
