{
  "expected": 93.44599805944645,
  "probPercents": [
    0.0,
    0.3,
    0.3,
    0.2999892,
    0.2999677296,
    0.2999357172336,
    0.2998932901773312,
    0.2998405745599172,
    0.2997776953714658,
    0.2997047764725917,
    0.29962194060347064,
    0.29952930939282607,
    0.29942700336684747,
    0.29931514195804254,
    0.299193843514022,
    0.29906322530621926,
    0.2989234035385436,
    0.29877449335596906,
    0.298616608853058,
    0.2984498630824211,
    0.2982743680631131,
    0.29809023478896585,
    0.29789757323685806,
    0.2976964923749232,
    0.29748710017069496,
    0.297269503599192,
    0.297043808650941,
    0.29681012033993937,
    0.29656854271155836,
    0.29631917885038567,
    0.2960621308880094,
    0.29579750001074306,
    0.295525386467292,
    0.2952458895763619,
    0.29495910773421014,
    0.2946651384221395,
    0.2943640782139352,
    0.2940560227832462,
    0.2937410669109098,
    0.29341930449222114,
    0.29309082854414803,
    0.2927557312124901,
    0.2924141037789844,
    0.2920660366683572,
    0.2917116194553214,
    0.291350940871522,
    0.2909840888124278,
    0.2906111503441714,
    0.2902322117103368,
    0.2898473583386958,
    0.28945667484789295,
    0.2890602450540795,
    0.28865815197749733,
    0.2882504778490122,
    0.2878373041165977,
    0.2874187114517696,
    0.28699477975597126,
    0.2865655881669102,
    0.2861312150648467,
    0.2856917380788339,
    0.2852472340929109,
    0.28479777925224825,
    0.2843434489692461,
    0.28388431792958696,
    0.2834204600982408,
    0.28295194872542534,
    0.2824788563525201,
    0.28200125481793564,
    0.28151921526293755,
    0.2810328081374259,
    0.28054210320567097,
    0.28004716955200415,
    0.27954807558646594,
    0.2790448890504103,
    2.2119626138931126,
    3.901264837618397,
    5.045430140239843,
    5.476764753730682,
    5.210486664203723,
    4.427556215828833,
    3.398996284062436,
    2.3874680584799144,
    1.5703678804140693,
    1.0127306718386986,
    0.6890020870716345,
    0.5294973013327637,
    0.4629321599075166,
    0.4388055399782813,
    0.43002477880862616,
    0.4254750271612895,
    0.42176504591418784,
    0.41817734354932257,
    0.4146210373688083,
    0.4110923524780924,
    0.40759108544871986,
    0.4041170342990105,
    0.4006699984840216,
    0.3972497788855778,
    0.3938561778023698,
    0.3904889989401205,
    0.3871480474018173,
    0.38383312967801186,
    0.38054405363718563,
    0.3772806285161809,
    0.3740426649106973,
    0.37082997476585294,
    0.3676423713668099,
    0.3644796693294638,
    0.36134168459119664,
    0.3582282344016929,
    0.35513913731381785,
    0.35207421317455884,
    0.34903328311602766,
    0.3460161695465246,
    0.34302269614166336,
    0.34005268783555676,
    0.3371059708120624,
    0.33418237249608784,
    0.3312817215449558,
    0.3284038478398274,
    0.325548582477185,
    0.32271575776037204,
    0.31990520719119164,
    0.31711676546156203,
    0.3143502684452291,
    0.3116055531895356,
    0.30888245790724633,
    0.3061808219684298,
    0.3035004858923943,
    0.3008412913396804,
    0.298203081104107,
    0.29558569910487215,
    0.2929889903787084,
    0.2904128010720909,
    0.2878569784334991,
    0.28532137080573183,
    0.2828058276182742,
    0.280310199379717,
    0.2778343376702283,
    0.27537809513407574,
    0.2729413254722009,
    0.2705238834348437,
    0.2681256248142178,
    0.2657464064372358,
    0.26338608615828424,
    0.2610445228520483,
    0.2587215764063856,
    0.2564171077152481,
    0.32889361840194986,
    0.5302791225163276,
    0.8724305395393012,
    1.3171044239459944,
    1.7859138794272464,
    2.1847387737552313,
    2.433130762515427,
    2.4874402699037064,
    2.349756748602913,
    2.0613402591535235,
    1.685489514659036,
    1.2878045455145744,
    0.9208287231373911,
    0.6165443685746737,
    0.38643629742165947,
    0.2264822598115888,
    0.1238826188897199,
    0.06307495748481236,
    0.02979153409501115,
    0.01299812587299225,
    0.005211693023647571,
    0.0019083800571457088,
    0.0006333197631972444,
    0.0001887025984045899,
    0.00004989387213603364,
    0.000011533587783335336,
    0.0000022860115936610248,
    3.7840054428263056E-7,
    5.039419212994248E-8,
    5.104781464875481E-9,
    3.5889244971113643E-10,
    1.4840436274095767E-11,
    2.611670979913334E-13
  ],