{
  "expected": 171.31766310898516,
  "probPercents": [
    0.0,
    0.0,
    0.00135,
    0.0026946,
    0.0040337676,
    0.0053674711776,
    0.006695679879252,
    0.008018363611588983,
    0.009335493032830289,
    0.010647039544262809,
    0.011952975281797396,
    0.01325327310759994,
    0.014547906601796537,
    0.015836850054252137,
    0.017120078456422192,
    0.01839756749327665,
    0.019669293535295812,
    0.020935233630537474,
    0.022195365496774765,
    0.023449667513704225,
    0.02469811871522349,
    0.025940698781778113,
    0.02717738803277694,
    0.02840816741907556,
    0.029633018515527233,
    0.03085192351360087,
    0.032064865214065444,
    0.0332718270197404,
    0.03447279292831147,
    0.035667747525211506,
    0.03685667597656566,
    0.03803956402220057,
    0.03921639796871698,
    0.04038716468262525,
    0.04155185158354339,
    0.042710446637456996,
    0.04386293835004075,
    0.04500931576004082,
    0.0461495684327179,
    0.047283686453350175,
    0.04841166042079597,
    0.049533481441115496,
    0.050649141121251164,
    0.051758631562766194,
    0.0528619453556409,
    0.05395907557212625,
    0.05505001576065427,
    0.05613475993980481,
    0.05721330259232825,
    0.05828563865922371,
    0.05935176353387229,
    0.060411673056224933,
    0.06146536350704449,
    0.06251283160220152,
    0.06355407448702341,
    0.06458908973069646,
    0.06561787532072037,
    0.06664042965741486,
    0.06765675154847792,
    0.06866684020359527,
    0.06967069522910074,
    0.07066831662268701,
    0.07165970476816635,
    0.07264486043028111,
    0.07362378474956324,
    0.07459647923724291,
    0.07556294577020532,
    0.07652318658599568,
    0.07747720427787187,
    0.07842500178990443,
    0.07936658241212324,
    0.08030194977571105,
    0.08123110784824286,
    0.08215406092897132,
    0.08307081364415736,
    0.10138219537428542,
    0.13479130256080218,
    0.17830173765936577,
    0.22543819233163792,
    0.26990140038720034,
    0.3070586032143585,
    0.3347439610687774,
    0.3531683866786155,
    0.364137852569754,
    0.37003257732733924,
    0.3729883242233421,
    0.3745007540817138,
    0.3754149254183713,
    0.3761162825144759,
    0.3767441101330818,
    0.37733682028228566,
    0.3779020733490917,
    0.37844102726168805,
    0.3789540161530108,
    0.3794413392840351,
    0.3799032933865004,
    0.3803401726807063,
    0.38075226889320396,
    0.3811398712743815,
    0.3815032666159451,
    0.3818427392682954,
    0.38215857115780066,
    0.38245104180396644,
    0.3827204283365022,
    0.3829670055122861,
    0.3831910457322274,
    0.38339281905802836,
    0.3835725932288443,
    0.38373063367784405,
    0.3838672035486701,
    0.38398256371179945,
    0.38407697278080544,
    0.38415068712852135,
    0.3842039609031057,
    0.3842370460440101,
    0.38425019229785023,
    0.38424364723418003,
    0.3842176562611697,
    0.3841724626411887,
    0.3841083075062924,
    0.3840254298736151,
    0.3839240666606685,
    0.38380445270054575,
    0.3836668207570333,
    0.38351140153962876,
    0.38333842371846727,
    0.3831481139391551,
    0.3829406968375126,
    0.3827163950542253,
    0.382475429249405,
    0.38221801811706047,
    0.38194437839947853,
    0.3816547249015159,
    0.3813492705048022,
    0.38102822618185456,
    0.3806918010101047,
    0.38034020218583797,
    0.379973635038046,
    0.3795923030421922,
    0.3791964078338916,
    0.3787861492225048,
    0.3783617252046466,
    0.37792333197761,
    0.3774711639527056,
    0.3770054137685172,
    0.37652627230407404,
    0.3760339286919394,
    0.3755285703312173,
    0.43108236269819833,
    0.584637330652454,
    0.8474024452314924,
    1.193217868200806,
    1.565120191014357,
    1.89292957938272,
    2.1150245763738504,
    2.1959385135259586,
    2.133731428684459,
    1.9558894108569576,
    1.7071805922889733,
    1.4352466147662213,
    1.1791221526721227,
    0.9633680565699261,
    0.7977460748692408,
    0.6805910008683549,
    0.6035781835139452,
    0.5560767060335581,
    0.5281434386042646,
    0.5120013148104211,
    0.5023365535372885,
    0.49591917693891796,
    0.4909890327604632,
    0.4866843324286363,
    0.4826264985324723,
    0.4786669215326659,
    0.4747537972162142,
    0.4708712042732971,
    0.46701483733244165,
    0.46318363468213775,
    0.4593773023610286,
    0.45559569670616035,
    0.45183869760804374,
    0.448106187860906,
    0.4443980506435057,
    0.4407141693140547,
    0.4370544274051939,
    0.4334187086285936,
    0.42980689687966284,
    0.42621887624217586,
    0.42265453099281663,
    0.4191137456056435,
    0.4155964047564736,
    0.4121023933271888,
    0.40863159640996394,
    0.4051838993114182,
    0.40175918755669,
    0.3983573468934375,
    0.39497826329576463,
    0.39162182296807363,
    0.3882879123488453,
    0.3849764181143478,
    0.3816872271822743,
    0.3784202267153114,
    0.37517530412463734,
    0.37195234707335356,
    0.36875124347984733,
    0.36557188152108866,
    0.36241414963586116,
    0.35927793652792767,
    0.356163131169132,
    0.35306962280243714,
    0.3499973009449004,
    0.34694605539058704,
    0.3439157762134227,
    0.340906353769985,
    0.337917678702236,
    0.33494964194019533,
    0.3320021347045551,
    0.3290750485092373,
    0.3261682751638948,
    0.3232817067763553,
    0.32041523575501096,
    0.31756875481115254,
    0.31763311600126676,
    0.32810157848095384,
    0.36042206022459505,
    0.4267813681754759,
    0.5353127568851753,
    0.6855837351839784,
    0.8663036122115673,
    1.0564069911983793,
    1.229363717233665,
    1.359331731410246,
    1.427140943685773,
    1.424287509154189,
    1.3539562606014102,
    1.2291541867640814,
    1.068894701182244,
    0.8937589532828024,
    0.722050909324207,
    0.5673151053289445,
    0.43743137105024726,
    0.3350409833475982,
    0.2588043206376941,
    0.2049515810454898,
    0.16870458226575694,
    0.1453313177816461,
    0.1307695687739333,
    0.12187707948404529,
    0.11642267088450114,
    0.11293743741925387,
    0.11051961855477743,
    0.10865135497376226,
    0.10705400046178046,
    0.10558699695563983,
    0.10418388158042606,
    0.10281520115176454,
    0.10146871267697043,
    0.100139617304266,
    0.09882610612795534,
    0.09752748282488595,
    0.09624343370695951,
    0.09497376663867096,
    0.0937183254630687,
    0.09247696442286836,
    0.09124954122692597,
    0.09003591535403505,
    0.088835947676399,
    0.08764950037859369,
    0.0864764369346598,
    0.08531662209514103,
    0.08416992187563214,
    0.0830362035455893,
    0.0819153356172504,
    0.08080718783465016,
    0.07971163116272811,
    0.07862853777652874,
    0.07755778105049295,
    0.07649923554784022,
    0.07545277701004054,
    0.07441828234637562,
    0.07339562962358846,
    0.07238469805562052,
    0.07138536799343607,
    0.07039752091493263,
    0.0694210394149371,
    0.06845580719528664,
    0.0675017090549938,
    0.0665586308804951,
    0.06562645963598243,
    0.06470508335381653,
    0.0637943911250219,
    0.0628942730898626,
    0.06200462042849802,
    0.061125325351718184,
    0.06025628109175788,
    0.05939738189318893,
    0.05857647026538713,
    0.05791775186972416,
    0.05773372433834702,
    0.05859493238966237,
    0.061321121483318516,
    0.06685506104380924,
    0.07602329545374989,
    0.08923953427251576,
    0.10624315628157431,
    0.1259690599300325,
    0.14661146541847628,
    0.1658850500459625,
    0.18142440520668476,
    0.1912202217622043,
    0.1939819091403417,
    0.18934201789057087,
    0.1778662056988772,
    0.1608857058274207,
    0.1402105514081876,
    0.11780104420809165,
    0.09547073379318263,
    0.07467245263622803,
    0.05638949603383879,
    0.04112645548412167,
    0.028975099886601314,
    0.01972249614586285,
    0.012970068760384708,
    0.008240130817690584,
    0.005056655551406197,
