{
  "expected": 186.8919961188929,
  "probPercents": [
    0.0,
    0.0,
    0.0009,
    0.0018,
    0.0026999352,
    0.0035997415776,
    0.004499355882168,
    0.0053987156290359935,
    0.006297759093723955,
    0.007196425306191819,
    0.008094654045119444,
    0.008992385832214565,
    0.009889561926548713,
    0.010786124318921095,
    0.011682015726250446,
    0.012577179585994792,
    0.013471560050599156,
    0.01436510198197117,
    0.01525775094598456,
    0.01614945320701052,
    0.017040155722476916,
    0.017929806137455304,
    0.018818352779275772,
    0.019705744652169527,
    0.020591931431939225,
    0.02147686346065702,
    0.022360491741390286,
    0.02324276793295499,
    0.024123644344696656,
    0.02500307393129893,
    0.025881010287619664,
    0.02675740764355451,
    0.027632220858927952,
    0.02850540541841178,
    0.02937691742647091,
    0.03024671360233656,
    0.031114751275006694,
    0.031980988378273685,
    0.032845383445779204,
    0.03370789560609623,
    0.03456848457783813,
    0.0354271106647948,
    0.036283734751095816,
    0.03713831829640041,
    0.037990823331114476,
    0.03884121245163426,
    0.03968944881561687,
    0.04053549613727753,
    0.04137931868271337,
    0.04222088126525393,
    0.04306014924083808,
    0.04389708850341745,
    0.044731665480386276,
    0.04556384712803756,
    0.04639360092704547,
    0.04722089487797399,
    0.048045697496811715,
    0.04886797781053265,
    0.04968770535268307,
    0.05050485015899433,
    0.051319382763021455,
    0.052131274191807596,
    0.0529404959615742,
    0.05374702007343676,
    0.05455081900914628,
    0.05535186572685607,
    0.0561501336569141,
    0.056945596697680664,
    0.05773822921137132,
    0.05852800601992502,
    0.0593149024008974,
    0.060098894083379074,
    0.060879957243938944,
    0.061658068502592346,
    0.062433204918794075,
    0.07480589360868235,
    0.09731444324639413,
    0.12668761639931703,
    0.15864765307134926,
    0.18900786331132827,
    0.21466723821478023,
    0.23415097680429126,
    0.24756042670205006,
    0.25606154595528935,
    0.2612107280827066,
    0.26441122178238397,
    0.2666482898516195,
    0.2684795612134262,
    0.27015969278544577,
    0.2717807997486626,
    0.27336831308952575,
    0.2749273178853425,
    0.27645859485574603,
    0.27796237982512756,
    0.2794388863362177,
    0.2808883270656645,
    0.2823109138204629,
    0.283706857534508,
    0.28507636826527016,
    0.2864196551905913,
    0.287736926605599,
    0.2890283899197385,
    0.2902942516539197,
    0.291534717437778,
    0.2927499920070475,
    0.29394027920104465,
    0.2951057819602608,
    0.2962467023240626,
    0.2973632414284972,
    0.2984555995042035,
    0.29952397587442453,
    0.30056856895312234,
    0.301589576243192,
    0.3025871943347746,
    0.3035616189036665,
    0.3045130447098248,
    0.3054416655959664,
    0.30634767448625977,
    0.3072312633851085,
    0.30809262337602406,
    0.3089319446205879,
    0.3097494163575001,
    0.3105452269017144,
    0.3113195636436578,
    0.31207261304853334,
    0.31280456065570467,
    0.31351559107816224,
    0.31420588800206795,
    0.3148756341863791,
    0.3155250114625486,
    0.31615420073430145,
    0.31676338197748594,
    0.31735273423999816,
    0.3179224356417789,
    0.3184726633748817,
    0.31900359370361125,
    0.31951540196472994,
    0.3200082625677331,
    0.32048234899519046,
    0.32093783380315305,
    0.3213748886216253,
    0.3217936841550997,
    0.32219439018315493,
    0.32257717556111437,
    0.32294220822076564,
    0.3232896551711393,
    0.32361968249934575,
    0.3239324553714698,
    0.36160945789866944,
    0.4650606565053983,
    0.642534775642033,
    0.8774437344048267,
    1.1324392141236597,
    1.3608950940416327,
    1.5213267011574763,
    1.5892003805955932,
    1.5620660523167107,
    1.4570964038072312,
    1.3032261109524896,
    1.1316799908466222,
    0.9683355338362195,
    0.829735742250746,
    0.7227508150754495,
    0.6467043897778774,
    0.5964592108388593,
    0.5652663896660732,
    0.5467443552895056,
    0.535871541620006,
    0.5292033951292728,
    0.5246402784940517,
    0.5210356269916124,
    0.5178272190524993,
    0.5147678589638022,
    0.5117605426352337,
    0.5087715788179272,
    0.5057907707411144,
    0.5028155329129885,
    0.49984540490638046,
    0.4968804273537863,
    0.4939207366260321,
    0.4909664815952252,
    0.48801781009132245,
    0.48507486727673793,
    0.48213779554278485,
    0.4792067345374705,
    0.4762818211993281,
    0.4733631897910217,
    0.47045097193260144,
    0.4675452966344124,
    0.46464629032966115,
    0.4617540769066417,
    0.4588687777406255,
    0.45599051172541766,
    0.4531193953045833,
    0.4502555425023467,
    0.4473990649541661,
    0.44455007193698814,
    0.441708670399184,
    0.4388749649901704,
    0.43604905808971967,
    0.4332310498369595,
    0.43042103815906785,
    0.4276191187996642,
    0.4248253853469003,
    0.4220399292612543,
    0.4192628399030297,
    0.4164942045595626,
    0.4137341084721405,
    0.41098263486263403,
    0.40823986495984604,
    0.4055058780255794,
    0.4027807513804269,
    0.40006456042928545,
    0.39735737868659804,
    0.3946592778013247,
    0.3919703275816468,
    0.3892905960194052,
    0.386620149314277,
    0.3839590518976916,
    0.38130736645648944,
    0.37866515395632583,
    0.3760324736648221,
    0.376300342214484,
    0.38697952713128503,
    0.419580204866268,
    0.4864193818922144,
    0.5958320713791614,
    0.7476339198363832,
    0.9307768021150519,
    1.1243672328501246,
    1.301918513839729,
    1.4374723410925576,
    1.5115887226818387,
    1.5153821307068003,
    1.4516092726877399,
    1.3328732591934647,
    1.1778665146598095,
    1.0069671323485123,
    0.8384019465073419,
    0.6857491111091449,
    0.5570029382330678,
    0.4549650928254315,
    0.37847026495973013,
    0.3239128355097397,
    0.286654216471818,
    0.26207165195788074,
    0.24618247127911488,
    0.2358986394608645,
    0.2290236946153223,
    0.22410964518174878,
    0.220266580751913,
    0.21698293989618783,
    0.2139831920802202,
    0.21112818617428158,
    0.20835200652009617,
    0.20562534231678453,
    0.20293591503413574,
    0.20027881775403894,
    0.19765210650689122,
    0.19505494116777902,
    0.1924868622854405,
    0.18994753231528397,
    0.1874366507665759,
    0.18495392882271333,
    0.18249908245102126,
    0.18007183070778163,
    0.17767189535277456,
    0.17529900075718594,
    0.17295287386931954,
    0.17063324419028206,
    0.1683398437512643,
    0.1660724070911786,
    0.1638306712345008,
    0.16161437566930031,
    0.15942326232545623,
    0.15725707555305748,
    0.1551155621009859,
    0.15299847109568043,
    0.15090555402008107,
    0.14883656469275125,
    0.14679125924717693,
    0.14476939611124104,
    0.14277073598687215,
    0.14079504182986527,
    0.1388420788298742,
    0.13691161439057328,
    0.1350034181099876,
    0.1331172617609902,
    0.13125291927196486,
    0.12941016670763306,
    0.1275887822500438,
    0.1257885461797252,
    0.12400924085699604,
    0.12225065070343637,
    0.12051256218351576,
    0.11879476378637786,
    0.11715294053077425,
    0.11583550373944831,
    0.11546744867669403,
    0.11718986477932473,
    0.12264224296663703,
    0.13371012208761848,
    0.15204659090749978,
    0.1784790685450315,
    0.21248631256314862,
    0.251938119860065,
    0.29322293083695256,
    0.331770100091925,
    0.3628488104133695,
    0.3824404435244086,
    0.3879638182806834,
    0.37868403578114174,
    0.3557324113977544,
    0.3217714116548414,
    0.2804211028163752,
    0.2356020884161833,
    0.19094146758636527,
    0.14934490527245606,
    0.11277899206767758,
    0.08225291096824335,
    0.05795019977320263,
    0.0394449922917257,
    0.025940137520769416,
    0.016480261635381167,
    0.010113311102812394,
